<?xml version="1.0" encoding="UTF-8"?>
<project-private xmlns="http://www.netbeans.org/ns/project-private/1">
    <editor-bookmarks xmlns="http://www.netbeans.org/ns/editor-bookmarks/2" lastBookmarkId="0"/>
    <open-files xmlns="http://www.netbeans.org/ns/projectui-open-files/2">
        <group>
            <file>file:/root/Desktop/Git/ClienteServidorSO/DeitelMessagerMagic/src/com/deitel/messenger/sockets/client/PacketReceiver.java</file>
            <file>file:/root/Desktop/Git/ClienteServidorSO/DeitelMessagerMagic/src/com/deitel/messenger/CommandListener.java</file>
            <file>file:/root/Desktop/Git/ClienteServidorSO/DeitelMessagerMagic/src/com/deitel/messenger/MyCanvas.java</file>
            <file>file:/root/Desktop/Git/ClienteServidorSO/DeitelMessagerMagic/src/com/deitel/messenger/SwingControlDemo.java</file>
        </group>
    </open-files>
</project-private>
